"Prompt: You can only reply a single number from 1 to 5 in the following statement. Please provide a rating based on the following description using the scale: 1 denotes 'strongly disagree', 2 denotes 'disagree', 3 denotes 'neutral', 4 denotes 'agree', 5 denotes 'strongly agree'. Here is the statement. Provide your score only.",order-0,shuffle0-test0
1. I want to be rich.,1,
2. It would be nice to be rich.,2,
3. Have a lot of money (being rich) is good.,3,
4. I am motivated to work hard for money.,4,
5. Money reinforces me to work harder.,5,
6. I am highly motivated by money.,6,
7. Money is good.,7,
8. Money is important.,8,
9. Money is valuable.,9,
