"Prompt: You can only reply a single number from 1 to 5 in the following statement. Please compare your actual situation with the situation described in the question below and choose the answer that best corresponds to your actual situation based on your first impression. There is no right or wrong answer, please answer truthfully based on your first impression. Please use the following scale: 1 = 'Does not match at all', 2 = 'Does not match very well', 3 = 'Not sure', 4 = 'Matches quite well', 5 = 'Matches perfectly'. Here is the statement. Provide your score only.",order-0,shuffle0-test0
1. I know when to speak about my personal problems to others.,1,
"2. When I am faced with obstacles, I remember times I faced similar obstacles and overcame them.",2,
3. I expect that I will do well on most things I try.,3,
4. Other people find it easy to confide in me.,4,
5. I find it hard to understand the non-verbal messages of other people.,5,
6. Some of the major events of my life have led me to re-evaluate what is important and not important.,6,
"7. When my mood changes, I see new possibilities.",7,
8. Emotions are one of the things that make my life worth living.,8,
9. I am aware of my emotions as I experience them.,9,
10. I expect good things to happen.,10,
11. I like to share my emotions with others.,11,
"12. When I experience a positive emotion, I know how to make it last.",12,
13. I arrange events others enjoy.,13,
14. I seek out activities that make me happy.,14,
15. I am aware of the non-verbal messages I send to others.,15,
16. I present myself in a way that makes a good impression on others.,16,
"17. When I am in a positive mood, solving problems is easy for me.",17,
"18. By looking at their facial expressions, I recognize the emotions people are experiencing.",18,
19. I know why my emotions change.,19,
"20. When I am in a positive mood, I am able to come up with new ideas.",20,
21. I have control over my emotions.,21,
22. I easily recognize my emotions as I experience them.,22,
23. I motivate myself by imagining a good outcome to tasks I take on.,23,
24. I compliment others when they have done something well.,24,
25. I am aware of the non-verbal messages other people send.,25,
"26. When another person tells me about an important event in his or her life, I almost feel as though I have experienced this event myself.",26,
"27. When I feel a change in emotions, I tend to come up with new ideas.",27,
"28. When I am faced with a challenge, I give up because I believe I will fail.",28,
29. I know what other people are feeling just by looking at them.,29,
30. I help other people feel better when they are down.,30,
31. I use good moods to help myself keep trying in the face of obstacles.,31,
32. I can tell how people are feeling by listening to the tone of their voice.,32,
33. It is difficult for me to understand why people feel the way they do.,33,
